{"cameraMode":{"drawMode":0,"name":"Shaded","section":"Shading Mode"},"sceneLighting":false,"audioPlay":false,"sceneViewState":{"showFog":false,"showMaterialUpdate":false,"showSkybox":false,"showFlares":false,"showImageEffects":true,"showParticleSystems":true},"in2DMode":false,"pivot":{"x":12.554037094116211,"y":-8.606422424316407,"z":23.988094329833986},"rotation":{"x":-0.04820341244339943,"y":0.7656322121620178,"z":-0.05776899307966232,"w":-0.6388635039329529},"size":25.5804443359375,"orthographic":false}